GROUP,PACKAGE,CLASS,INSTRUCTION_MISSED,INSTRUCTION_COVERED,BRANCH_MISSED,BRANCH_COVERED,LINE_MISSED,LINE_COVERED,COMPLEXITY_MISSED,COMPLEXITY_COVERED,METHOD_MISSED,METHOD_COVERED
NetPayCalcService,com.gopi,NetPayCalcServiceApplication,5,3,0,0,2,1,1,1,1,1
NetPayCalcService,com.gopi.controller,NetPaymentCalcController,18,82,0,0,3,18,0,3,0,3
NetPayCalcService,com.gopi.response,NetPaymentCalcResponse,0,24,0,0,0,10,0,7,0,7
NetPayCalcService,com.gopi.configuration,NetPaymentCalcConfig,0,39,0,0,0,15,0,5,0,5
NetPayCalcService,com.gopi.constants,NetPayCalcConstants,0,12,0,0,0,5,0,2,0,2
NetPayCalcService,com.gopi.service,NetPaymentCalcServiceImpl,0,133,0,10,0,30,0,9,0,4
NetPayCalcService,com.gopi.exception,NetPaymentCalcException,0,4,0,0,0,2,0,1,0,1
NetPayCalcService,com.gopi.exception,NetPaymentCalcExceptionHandler,0,24,0,0,0,5,0,2,0,2
NetPayCalcService,com.gopi.model,PaymentInformation,0,24,0,0,0,10,0,7,0,7
